time,value
0.126735,1.808266
0.007004,0.931359
0.007122,0.858686
0.006633,1.073911
0.093532,1.808266
0.008665,0.931359
0.006983,0.858686
0.008161,1.073911
