time,value
0.00922,0.177332584329
0.102929,0.175569048427
0.001772,0.177959600001
0.003626,0.00520862963068
0.008562,0.177332584329
0.070889,0.175569048427
0.001692,0.177959600001
0.0036,0.00520862963068
