time,value
0.128891,4.89824498841
0.006511,5.01736974421
0.007583,6.16571986799
0.007126,5.21946544146
0.096887,4.89824498841
0.008045,5.01736974421
0.007042,6.16571986799
0.008267,5.21946544146
