time,value
0.110626,0.425440443625
0.005645,0.37765198807
0.078312,0.425440443625
0.005154,0.37765198807
